{
    "value0": {
        "cam.T_i_c": [
            {
                "px": 0.0,
                "py": 0.0,
                "pz": 0.0,
                "qx": 0.0,
                "qy": 0.0,
                "qz": 0.0,
                "qw": 1.0
            },
            {
                "px": 0.11002263076486114,
                "py": -0.00028831176294513044,
                "pz": 0.0002519373817559607,
                "qx": 0.007129648722668684,
                "qy": 0.0006308484199464883,
                "qz": 0.0010771978182017252,
                "qw": 0.9999738045490108
            }
        ],
        "cam.intrinsics": [
            {
                "cam_type": "kb4",
                "fx": 461.1581901632605,
                "fy": 459.80802859479726,
                "cx": 365.89723869011746,
                "cy": 249.35492318319005,
                "p1": -0.0045930525322065269,
                "p2": 0.027532432037034303,
                "p3": -0.03697767177100757,
                "p4": 0.01861021724557445
            },
            {
                "cam_type": "kb4",
                "fx": 459.74480686519805,
                "fy": 458.3535053463388,
                "cx": 379.36396149546416,
                "cy": 256.0435254270624,
                "p1": 0.004549588612680974,
                "p2": 0.0024854904915997727,
                "p3": -0.010601348784714146,
                "p4": 0.010781041140884556
            }
        ]
    }
}